,combination,f1_deceased,recall_deceased,overall_accuracy,overall_recall
0,"{'boosting_type': 'gbdt', 'learning_rate': 0.01, 'max_depth': 6, 'metric': 'multi_logloss', 'num_class': 4, 'num_leaves': 25, 'objective': 'multiclass'}",0.3338123310152011,0.20784000000000002,0.8976831268943899,0.8976831268943899
1,"{'boosting_type': 'gbdt', 'learning_rate': 0.01, 'max_depth': 6, 'metric': 'multi_logloss', 'num_class': 4, 'num_leaves': 30, 'objective': 'multiclass'}",0.3341929155935783,0.2079466666666667,0.8978508394777126,0.8978508394777126
2,"{'boosting_type': 'gbdt', 'learning_rate': 0.01, 'max_depth': 6, 'metric': 'multi_logloss', 'num_class': 4, 'num_leaves': 35, 'objective': 'multiclass'}",0.3340418072953668,0.20773333333333333,0.8980734398155771,0.8980734398155771
3,"{'boosting_type': 'gbdt', 'learning_rate': 0.01, 'max_depth': 6, 'metric': 'multi_logloss', 'num_class': 4, 'num_leaves': 40, 'objective': 'multiclass'}",0.334523380354649,0.20805333333333334,0.8981649194064804,0.8981649194064804
4,"{'boosting_type': 'gbdt', 'learning_rate': 0.01, 'max_depth': 6, 'metric': 'multi_logloss', 'num_class': 4, 'num_leaves': 45, 'objective': 'multiclass'}",0.3345998856611363,0.20810666666666666,0.8981679687261771,0.8981679687261771
5,"{'boosting_type': 'gbdt', 'learning_rate': 0.01, 'max_depth': 8, 'metric': 'multi_logloss', 'num_class': 4, 'num_leaves': 25, 'objective': 'multiclass'}",0.3761765183468894,0.24357333333333334,0.9003939721048234,0.9003939721048234
6,"{'boosting_type': 'gbdt', 'learning_rate': 0.01, 'max_depth': 8, 'metric': 'multi_logloss', 'num_class': 4, 'num_leaves': 30, 'objective': 'multiclass'}",0.38259492667439227,0.24888,0.9011441047502302,0.9011441047502302
7,"{'boosting_type': 'gbdt', 'learning_rate': 0.01, 'max_depth': 8, 'metric': 'multi_logloss', 'num_class': 4, 'num_leaves': 35, 'objective': 'multiclass'}",0.38716621488615793,0.25253333333333333,0.9017265248123144,0.9017265248123144
8,"{'boosting_type': 'gbdt', 'learning_rate': 0.01, 'max_depth': 8, 'metric': 'multi_logloss', 'num_class': 4, 'num_leaves': 40, 'objective': 'multiclass'}",0.39006357620025894,0.25477333333333335,0.902058900659263,0.902058900659263
9,"{'boosting_type': 'gbdt', 'learning_rate': 0.01, 'max_depth': 8, 'metric': 'multi_logloss', 'num_class': 4, 'num_leaves': 45, 'objective': 'multiclass'}",0.3925094033065331,0.25672,0.9024492135804502,0.9024492135804502
10,"{'boosting_type': 'gbdt', 'learning_rate': 0.01, 'max_depth': 10, 'metric': 'multi_logloss', 'num_class': 4, 'num_leaves': 25, 'objective': 'multiclass'}",0.3768983521714315,0.24450666666666665,0.9002933445548299,0.9002933445548299
11,"{'boosting_type': 'gbdt', 'learning_rate': 0.01, 'max_depth': 10, 'metric': 'multi_logloss', 'num_class': 4, 'num_leaves': 30, 'objective': 'multiclass'}",0.3853587569576488,0.2518666666666667,0.9010373785608431,0.9010373785608431
12,"{'boosting_type': 'gbdt', 'learning_rate': 0.01, 'max_depth': 10, 'metric': 'multi_logloss', 'num_class': 4, 'num_leaves': 35, 'objective': 'multiclass'}",0.390082400818547,0.25512,0.9019735197077532,0.9019735197077532
13,"{'boosting_type': 'gbdt', 'learning_rate': 0.01, 'max_depth': 10, 'metric': 'multi_logloss', 'num_class': 4, 'num_leaves': 40, 'objective': 'multiclass'}",0.39442640141547275,0.25853333333333334,0.9025894822865018,0.9025894822865018
14,"{'boosting_type': 'gbdt', 'learning_rate': 0.01, 'max_depth': 10, 'metric': 'multi_logloss', 'num_class': 4, 'num_leaves': 45, 'objective': 'multiclass'}",0.39742606281890547,0.2610133333333334,0.9029035622152698,0.9029035622152698
15,"{'boosting_type': 'gbdt', 'learning_rate': 0.01, 'max_depth': 12, 'metric': 'multi_logloss', 'num_class': 4, 'num_leaves': 25, 'objective': 'multiclass'}",0.37930808488549367,0.2469066666666667,0.9003634789078556,0.9003634789078556
16,"{'boosting_type': 'gbdt', 'learning_rate': 0.01, 'max_depth': 12, 'metric': 'multi_logloss', 'num_class': 4, 'num_leaves': 30, 'objective': 'multiclass'}",0.38780291853024,0.2541866666666666,0.9011380061108367,0.9011380061108367
17,"{'boosting_type': 'gbdt', 'learning_rate': 0.01, 'max_depth': 12, 'metric': 'multi_logloss', 'num_class': 4, 'num_leaves': 35, 'objective': 'multiclass'}",0.39206326489626253,0.2577066666666667,0.9018302016820048,0.9018302016820048
18,"{'boosting_type': 'gbdt', 'learning_rate': 0.01, 'max_depth': 12, 'metric': 'multi_logloss', 'num_class': 4, 'num_leaves': 40, 'objective': 'multiclass'}",0.40243831799469404,0.26712,0.9026169261637729,0.9026169261637729
19,"{'boosting_type': 'gbdt', 'learning_rate': 0.01, 'max_depth': 12, 'metric': 'multi_logloss', 'num_class': 4, 'num_leaves': 45, 'objective': 'multiclass'}",0.4059185653548809,0.27,0.9030194363637473,0.9030194363637473
20,"{'boosting_type': 'gbdt', 'learning_rate': 0.03, 'max_depth': 6, 'metric': 'multi_logloss', 'num_class': 4, 'num_leaves': 25, 'objective': 'multiclass'}",0.379908081354344,0.24669333333333335,0.9014002476047595,0.9014002476047595
21,"{'boosting_type': 'gbdt', 'learning_rate': 0.03, 'max_depth': 6, 'metric': 'multi_logloss', 'num_class': 4, 'num_leaves': 30, 'objective': 'multiclass'}",0.3822743606229608,0.24850666666666665,0.9017936098456434,0.9017936098456434
22,"{'boosting_type': 'gbdt', 'learning_rate': 0.03, 'max_depth': 6, 'metric': 'multi_logloss', 'num_class': 4, 'num_leaves': 35, 'objective': 'multiclass'}",0.3958372486987411,0.2600266666666667,0.902668764598618,0.902668764598618
23,"{'boosting_type': 'gbdt', 'learning_rate': 0.03, 'max_depth': 6, 'metric': 'multi_logloss', 'num_class': 4, 'num_leaves': 40, 'objective': 'multiclass'}",0.3956444369814282,0.2598666666666667,0.9026901098364956,0.9026901098364956
24,"{'boosting_type': 'gbdt', 'learning_rate': 0.03, 'max_depth': 6, 'metric': 'multi_logloss', 'num_class': 4, 'num_leaves': 45, 'objective': 'multiclass'}",0.39554437281366034,0.25989333333333337,0.9026352220819535,0.9026352220819535
25,"{'boosting_type': 'gbdt', 'learning_rate': 0.03, 'max_depth': 8, 'metric': 'multi_logloss', 'num_class': 4, 'num_leaves': 25, 'objective': 'multiclass'}",0.40862668117722495,0.2725333333333333,0.9034493904409926,0.9034493904409926
26,"{'boosting_type': 'gbdt', 'learning_rate': 0.03, 'max_depth': 8, 'metric': 'multi_logloss', 'num_class': 4, 'num_leaves': 30, 'objective': 'multiclass'}",0.41700503936977923,0.28048,0.904150733971251,0.904150733971251
27,"{'boosting_type': 'gbdt', 'learning_rate': 0.03, 'max_depth': 8, 'metric': 'multi_logloss', 'num_class': 4, 'num_leaves': 35, 'objective': 'multiclass'}",0.42263817528212505,0.28536,0.9046874142378836,0.9046874142378836
28,"{'boosting_type': 'gbdt', 'learning_rate': 0.03, 'max_depth': 8, 'metric': 'multi_logloss', 'num_class': 4, 'num_leaves': 40, 'objective': 'multiclass'}",0.42600901423312765,0.2881066666666667,0.9051448121923998,0.9051448121923998
29,"{'boosting_type': 'gbdt', 'learning_rate': 0.03, 'max_depth': 8, 'metric': 'multi_logloss', 'num_class': 4, 'num_leaves': 45, 'objective': 'multiclass'}",0.4293740819932708,0.29106666666666664,0.9054802373590451,0.9054802373590451
30,"{'boosting_type': 'gbdt', 'learning_rate': 0.03, 'max_depth': 10, 'metric': 'multi_logloss', 'num_class': 4, 'num_leaves': 25, 'objective': 'multiclass'}",0.4172626104393021,0.2814666666666667,0.9038183581243024,0.9038183581243024
31,"{'boosting_type': 'gbdt', 'learning_rate': 0.03, 'max_depth': 10, 'metric': 'multi_logloss', 'num_class': 4, 'num_leaves': 30, 'objective': 'multiclass'}",0.4253814972946699,0.2885333333333333,0.9047849924681803,0.9047849924681803
32,"{'boosting_type': 'gbdt', 'learning_rate': 0.03, 'max_depth': 10, 'metric': 'multi_logloss', 'num_class': 4, 'num_leaves': 35, 'objective': 'multiclass'}",0.4306009909395461,0.29314666666666667,0.9054040043666257,0.9054040043666257
33,"{'boosting_type': 'gbdt', 'learning_rate': 0.03, 'max_depth': 10, 'metric': 'multi_logloss', 'num_class': 4, 'num_leaves': 40, 'objective': 'multiclass'}",0.43457265448894705,0.29616,0.9059772764696197,0.9059772764696197
34,"{'boosting_type': 'gbdt', 'learning_rate': 0.03, 'max_depth': 10, 'metric': 'multi_logloss', 'num_class': 4, 'num_leaves': 45, 'objective': 'multiclass'}",0.4351722064082237,0.29591999999999996,0.9062608632014199,0.9062608632014199
35,"{'boosting_type': 'gbdt', 'learning_rate': 0.03, 'max_depth': 12, 'metric': 'multi_logloss', 'num_class': 4, 'num_leaves': 25, 'objective': 'multiclass'}",0.4193146991009926,0.2836,0.9039494788712639,0.9039494788712639
36,"{'boosting_type': 'gbdt', 'learning_rate': 0.03, 'max_depth': 12, 'metric': 'multi_logloss', 'num_class': 4, 'num_leaves': 30, 'objective': 'multiclass'}",0.4273862710490097,0.29048,0.9049222118545354,0.9049222118545354
37,"{'boosting_type': 'gbdt', 'learning_rate': 0.03, 'max_depth': 12, 'metric': 'multi_logloss', 'num_class': 4, 'num_leaves': 35, 'objective': 'multiclass'}",0.43278275539939753,0.29519999999999996,0.9055564703514646,0.9055564703514646
38,"{'boosting_type': 'gbdt', 'learning_rate': 0.03, 'max_depth': 12, 'metric': 'multi_logloss', 'num_class': 4, 'num_leaves': 40, 'objective': 'multiclass'}",0.43623933642841184,0.29784,0.9060504601423421,0.9060504601423421
39,"{'boosting_type': 'gbdt', 'learning_rate': 0.03, 'max_depth': 12, 'metric': 'multi_logloss', 'num_class': 4, 'num_leaves': 45, 'objective': 'multiclass'}",0.4413769598415301,0.30282666666666663,0.9064712662604971,0.9064712662604971
40,"{'boosting_type': 'gbdt', 'learning_rate': 0.05, 'max_depth': 6, 'metric': 'multi_logloss', 'num_class': 4, 'num_leaves': 25, 'objective': 'multiclass'}",0.42378415454675794,0.2863733333333333,0.9047392526727287,0.9047392526727287
41,"{'boosting_type': 'gbdt', 'learning_rate': 0.05, 'max_depth': 6, 'metric': 'multi_logloss', 'num_class': 4, 'num_leaves': 30, 'objective': 'multiclass'}",0.4256929107942307,0.28864,0.9049008666166579,0.9049008666166579
42,"{'boosting_type': 'gbdt', 'learning_rate': 0.05, 'max_depth': 6, 'metric': 'multi_logloss', 'num_class': 4, 'num_leaves': 35, 'objective': 'multiclass'}",0.42419604050993315,0.28664,0.9050350366833159,0.9050350366833159
43,"{'boosting_type': 'gbdt', 'learning_rate': 0.05, 'max_depth': 6, 'metric': 'multi_logloss', 'num_class': 4, 'num_leaves': 40, 'objective': 'multiclass'}",0.4283292568371339,0.2915466666666666,0.9050807764787675,0.9050807764787675
44,"{'boosting_type': 'gbdt', 'learning_rate': 0.05, 'max_depth': 6, 'metric': 'multi_logloss', 'num_class': 4, 'num_leaves': 45, 'objective': 'multiclass'}",0.4262039089188205,0.2885866666666667,0.9051570094711869,0.9051570094711869
45,"{'boosting_type': 'gbdt', 'learning_rate': 0.05, 'max_depth': 8, 'metric': 'multi_logloss', 'num_class': 4, 'num_leaves': 25, 'objective': 'multiclass'}",0.4287390891994037,0.28970666666666667,0.9059162900756842,0.9059162900756842
46,"{'boosting_type': 'gbdt', 'learning_rate': 0.05, 'max_depth': 8, 'metric': 'multi_logloss', 'num_class': 4, 'num_leaves': 30, 'objective': 'multiclass'}",0.436110620933734,0.2970933333333334,0.9063066029968714,0.9063066029968714
47,"{'boosting_type': 'gbdt', 'learning_rate': 0.05, 'max_depth': 8, 'metric': 'multi_logloss', 'num_class': 4, 'num_leaves': 35, 'objective': 'multiclass'}",0.43688987846013866,0.29760000000000003,0.9064560196620134,0.9064560196620134
48,"{'boosting_type': 'gbdt', 'learning_rate': 0.05, 'max_depth': 8, 'metric': 'multi_logloss', 'num_class': 4, 'num_leaves': 40, 'objective': 'multiclass'}",0.4434175582435433,0.30362666666666666,0.9070079465271297,0.9070079465271297
49,"{'boosting_type': 'gbdt', 'learning_rate': 0.05, 'max_depth': 8, 'metric': 'multi_logloss', 'num_class': 4, 'num_leaves': 45, 'objective': 'multiclass'}",0.4430166072980213,0.30272,0.9071604125119687,0.9071604125119687
50,"{'boosting_type': 'gbdt', 'learning_rate': 0.05, 'max_depth': 10, 'metric': 'multi_logloss', 'num_class': 4, 'num_leaves': 25, 'objective': 'multiclass'}",0.43744041684213597,0.2991733333333333,0.9061754822499101,0.9061754822499101
51,"{'boosting_type': 'gbdt', 'learning_rate': 0.05, 'max_depth': 10, 'metric': 'multi_logloss', 'num_class': 4, 'num_leaves': 30, 'objective': 'multiclass'}",0.4420675692490421,0.30304,0.9067304584347232,0.9067304584347232
52,"{'boosting_type': 'gbdt', 'learning_rate': 0.05, 'max_depth': 10, 'metric': 'multi_logloss', 'num_class': 4, 'num_leaves': 35, 'objective': 'multiclass'}",0.44724554445066794,0.30778666666666665,0.9073189771362009,0.9073189771362009
53,"{'boosting_type': 'gbdt', 'learning_rate': 0.05, 'max_depth': 10, 'metric': 'multi_logloss', 'num_class': 4, 'num_leaves': 40, 'objective': 'multiclass'}",0.44782536287746594,0.30768,0.9075537747528526,0.9075537747528526
54,"{'boosting_type': 'gbdt', 'learning_rate': 0.05, 'max_depth': 10, 'metric': 'multi_logloss', 'num_class': 4, 'num_leaves': 45, 'objective': 'multiclass'}",0.44937699928426933,0.30877333333333334,0.9076970927786011,0.9076970927786011
55,"{'boosting_type': 'gbdt', 'learning_rate': 0.05, 'max_depth': 12, 'metric': 'multi_logloss', 'num_class': 4, 'num_leaves': 25, 'objective': 'multiclass'}",0.4398043358356463,0.30104000000000003,0.9064560196620134,0.9064560196620134
56,"{'boosting_type': 'gbdt', 'learning_rate': 0.05, 'max_depth': 12, 'metric': 'multi_logloss', 'num_class': 4, 'num_leaves': 30, 'objective': 'multiclass'}",0.4443197300515296,0.3049866666666667,0.9069926999286458,0.9069926999286458
57,"{'boosting_type': 'gbdt', 'learning_rate': 0.05, 'max_depth': 12, 'metric': 'multi_logloss', 'num_class': 4, 'num_leaves': 35, 'objective': 'multiclass'}",0.4504263090048439,0.31104,0.9074561965225558,0.9074561965225558
58,"{'boosting_type': 'gbdt', 'learning_rate': 0.05, 'max_depth': 12, 'metric': 'multi_logloss', 'num_class': 4, 'num_leaves': 40, 'objective': 'multiclass'}",0.45347855174335555,0.31373333333333336,0.907834312164956,0.907834312164956
59,"{'boosting_type': 'gbdt', 'learning_rate': 0.05, 'max_depth': 12, 'metric': 'multi_logloss', 'num_class': 4, 'num_leaves': 45, 'objective': 'multiclass'}",0.45463758329570775,0.3144266666666667,0.908066060461911,0.908066060461911
60,"{'boosting_type': 'gbdt', 'learning_rate': 0.07, 'max_depth': 6, 'metric': 'multi_logloss', 'num_class': 4, 'num_leaves': 25, 'objective': 'multiclass'}",0.4382899055632308,0.29994666666666664,0.9063035536771746,0.9063035536771746
61,"{'boosting_type': 'gbdt', 'learning_rate': 0.07, 'max_depth': 6, 'metric': 'multi_logloss', 'num_class': 4, 'num_leaves': 30, 'objective': 'multiclass'}",0.4375650876667098,0.29856,0.9064163785059552,0.9064163785059552
62,"{'boosting_type': 'gbdt', 'learning_rate': 0.07, 'max_depth': 6, 'metric': 'multi_logloss', 'num_class': 4, 'num_leaves': 35, 'objective': 'multiclass'}",0.4398129511157401,0.30093333333333333,0.9066450774832134,0.9066450774832134
63,"{'boosting_type': 'gbdt', 'learning_rate': 0.07, 'max_depth': 6, 'metric': 'multi_logloss', 'num_class': 4, 'num_leaves': 40, 'objective': 'multiclass'}",0.4403810604123739,0.30119999999999997,0.9067213104756329,0.9067213104756329
64,"{'boosting_type': 'gbdt', 'learning_rate': 0.07, 'max_depth': 6, 'metric': 'multi_logloss', 'num_class': 4, 'num_leaves': 45, 'objective': 'multiclass'}",0.44021181246169366,0.30095999999999995,0.9067121625165425,0.9067121625165425
65,"{'boosting_type': 'gbdt', 'learning_rate': 0.07, 'max_depth': 8, 'metric': 'multi_logloss', 'num_class': 4, 'num_leaves': 25, 'objective': 'multiclass'}",0.4396559173102028,0.29906666666666665,0.9071024754377298,0.9071024754377298
66,"{'boosting_type': 'gbdt', 'learning_rate': 0.07, 'max_depth': 8, 'metric': 'multi_logloss', 'num_class': 4, 'num_leaves': 30, 'objective': 'multiclass'}",0.4468417089040703,0.30578666666666665,0.9076757475407237,0.9076757475407237
67,"{'boosting_type': 'gbdt', 'learning_rate': 0.07, 'max_depth': 8, 'metric': 'multi_logloss', 'num_class': 4, 'num_leaves': 35, 'objective': 'multiclass'}",0.44936958061458493,0.3086933333333333,0.9077275859755689,0.9077275859755689
68,"{'boosting_type': 'gbdt', 'learning_rate': 0.07, 'max_depth': 8, 'metric': 'multi_logloss', 'num_class': 4, 'num_leaves': 40, 'objective': 'multiclass'}",0.45395280632844387,0.3128533333333333,0.9081849839300853,0.9081849839300853
69,"{'boosting_type': 'gbdt', 'learning_rate': 0.07, 'max_depth': 8, 'metric': 'multi_logloss', 'num_class': 4, 'num_leaves': 45, 'objective': 'multiclass'}",0.45684105697793914,0.31576,0.908349647193711,0.908349647193711
70,"{'boosting_type': 'gbdt', 'learning_rate': 0.07, 'max_depth': 10, 'metric': 'multi_logloss', 'num_class': 4, 'num_leaves': 25, 'objective': 'multiclass'}",0.44862473334522407,0.30824,0.9076117118270913,0.9076117118270913
71,"{'boosting_type': 'gbdt', 'learning_rate': 0.07, 'max_depth': 10, 'metric': 'multi_logloss', 'num_class': 4, 'num_leaves': 30, 'objective': 'multiclass'}",0.45179731609859175,0.3102666666666667,0.9081392441346336,0.9081392441346336
72,"{'boosting_type': 'gbdt', 'learning_rate': 0.07, 'max_depth': 10, 'metric': 'multi_logloss', 'num_class': 4, 'num_leaves': 35, 'objective': 'multiclass'}",0.45599094761035003,0.3144533333333333,0.9084746693012788,0.9084746693012788
73,"{'boosting_type': 'gbdt', 'learning_rate': 0.07, 'max_depth': 10, 'metric': 'multi_logloss', 'num_class': 4, 'num_leaves': 40, 'objective': 'multiclass'}",0.4568126539305444,0.31488000000000005,0.9087978971891371,0.9087978971891371
74,"{'boosting_type': 'gbdt', 'learning_rate': 0.07, 'max_depth': 10, 'metric': 'multi_logloss', 'num_class': 4, 'num_leaves': 45, 'objective': 'multiclass'}",0.4620316156674768,0.3209333333333333,0.9089534124936726,0.9089534124936726
75,"{'boosting_type': 'gbdt', 'learning_rate': 0.07, 'max_depth': 12, 'metric': 'multi_logloss', 'num_class': 4, 'num_leaves': 25, 'objective': 'multiclass'}",0.4522883531856887,0.31226666666666664,0.9078373614846527,0.9078373614846527
76,"{'boosting_type': 'gbdt', 'learning_rate': 0.07, 'max_depth': 12, 'metric': 'multi_logloss', 'num_class': 4, 'num_leaves': 30, 'objective': 'multiclass'}",0.4565449972318265,0.31573333333333337,0.9083465978740143,0.9083465978740143
77,"{'boosting_type': 'gbdt', 'learning_rate': 0.07, 'max_depth': 12, 'metric': 'multi_logloss', 'num_class': 4, 'num_leaves': 35, 'objective': 'multiclass'}",0.4595968279303555,0.31882666666666665,0.9086698257618725,0.9086698257618725
78,"{'boosting_type': 'gbdt', 'learning_rate': 0.07, 'max_depth': 12, 'metric': 'multi_logloss', 'num_class': 4, 'num_leaves': 40, 'objective': 'multiclass'}",0.4631621045829511,0.32168,0.909111977117905,0.909111977117905
79,"{'boosting_type': 'gbdt', 'learning_rate': 0.07, 'max_depth': 12, 'metric': 'multi_logloss', 'num_class': 4, 'num_leaves': 45, 'objective': 'multiclass'}",0.46865925901859495,0.32754666666666665,0.9094199584072794,0.9094199584072794
80,"{'boosting_type': 'gbdt', 'learning_rate': 0.9, 'max_depth': 6, 'metric': 'multi_logloss', 'num_class': 4, 'num_leaves': 25, 'objective': 'multiclass'}",0.2538398110252907,0.2297866666666667,0.5677985741381097,0.5677985741381097
81,"{'boosting_type': 'gbdt', 'learning_rate': 0.9, 'max_depth': 6, 'metric': 'multi_logloss', 'num_class': 4, 'num_leaves': 30, 'objective': 'multiclass'}",0.29515976160323093,0.46538666666666667,0.58990919125943,0.58990919125943
82,"{'boosting_type': 'gbdt', 'learning_rate': 0.9, 'max_depth': 6, 'metric': 'multi_logloss', 'num_class': 4, 'num_leaves': 35, 'objective': 'multiclass'}",0.15344883982357957,0.12087999999999999,0.5815754005281422,0.5815754005281422
83,"{'boosting_type': 'gbdt', 'learning_rate': 0.9, 'max_depth': 6, 'metric': 'multi_logloss', 'num_class': 4, 'num_leaves': 40, 'objective': 'multiclass'}",0.19934941418914157,0.30317333333333335,0.5558025504509944,0.5558025504509944
84,"{'boosting_type': 'gbdt', 'learning_rate': 0.9, 'max_depth': 6, 'metric': 'multi_logloss', 'num_class': 4, 'num_leaves': 45, 'objective': 'multiclass'}",0.22667114913217082,0.27352,0.51473431277482,0.51473431277482
85,"{'boosting_type': 'gbdt', 'learning_rate': 0.9, 'max_depth': 8, 'metric': 'multi_logloss', 'num_class': 4, 'num_leaves': 25, 'objective': 'multiclass'}",0.24903688249517578,0.22386666666666666,0.5704667288727885,0.5704667288727885
86,"{'boosting_type': 'gbdt', 'learning_rate': 0.9, 'max_depth': 8, 'metric': 'multi_logloss', 'num_class': 4, 'num_leaves': 30, 'objective': 'multiclass'}",0.1796694052998149,0.19549333333333332,0.5684023394380714,0.5684023394380714
87,"{'boosting_type': 'gbdt', 'learning_rate': 0.9, 'max_depth': 8, 'metric': 'multi_logloss', 'num_class': 4, 'num_leaves': 35, 'objective': 'multiclass'}",0.22277699914788607,0.22098666666666666,0.6069640363234962,0.6069640363234962
88,"{'boosting_type': 'gbdt', 'learning_rate': 0.9, 'max_depth': 8, 'metric': 'multi_logloss', 'num_class': 4, 'num_leaves': 40, 'objective': 'multiclass'}",0.14081603892052166,0.12864,0.486028017149374,0.486028017149374
89,"{'boosting_type': 'gbdt', 'learning_rate': 0.9, 'max_depth': 8, 'metric': 'multi_logloss', 'num_class': 4, 'num_leaves': 45, 'objective': 'multiclass'}",0.21487610488088985,0.26722666666666667,0.597587378255911,0.597587378255911
90,"{'boosting_type': 'gbdt', 'learning_rate': 0.9, 'max_depth': 10, 'metric': 'multi_logloss', 'num_class': 4, 'num_leaves': 25, 'objective': 'multiclass'}",0.31572387955439624,0.36434666666666665,0.6638064047910911,0.6638064047910911
91,"{'boosting_type': 'gbdt', 'learning_rate': 0.9, 'max_depth': 10, 'metric': 'multi_logloss', 'num_class': 4, 'num_leaves': 30, 'objective': 'multiclass'}",0.18484454916532353,0.2212533333333333,0.5732812509529124,0.5732812509529124
92,"{'boosting_type': 'gbdt', 'learning_rate': 0.9, 'max_depth': 10, 'metric': 'multi_logloss', 'num_class': 4, 'num_leaves': 35, 'objective': 'multiclass'}",0.2486248241819716,0.2006933333333333,0.6749455696434126,0.6749455696434126
93,"{'boosting_type': 'gbdt', 'learning_rate': 0.9, 'max_depth': 10, 'metric': 'multi_logloss', 'num_class': 4, 'num_leaves': 40, 'objective': 'multiclass'}",0.21054444518704873,0.17896,0.6350391227717097,0.6350391227717097
94,"{'boosting_type': 'gbdt', 'learning_rate': 0.9, 'max_depth': 10, 'metric': 'multi_logloss', 'num_class': 4, 'num_leaves': 45, 'objective': 'multiclass'}",0.28859566852719926,0.30616,0.6376066499563947,0.6376066499563947
95,"{'boosting_type': 'gbdt', 'learning_rate': 0.9, 'max_depth': 12, 'metric': 'multi_logloss', 'num_class': 4, 'num_leaves': 25, 'objective': 'multiclass'}",0.20512891281332477,0.23066666666666666,0.6029816247995071,0.6029816247995071
96,"{'boosting_type': 'gbdt', 'learning_rate': 0.9, 'max_depth': 12, 'metric': 'multi_logloss', 'num_class': 4, 'num_leaves': 30, 'objective': 'multiclass'}",0.2705397791758504,0.26450666666666667,0.5951082813424325,0.5951082813424325
97,"{'boosting_type': 'gbdt', 'learning_rate': 0.9, 'max_depth': 12, 'metric': 'multi_logloss', 'num_class': 4, 'num_leaves': 35, 'objective': 'multiclass'}",0.25072013679504374,0.42632000000000003,0.4776911770983894,0.4776911770983894
98,"{'boosting_type': 'gbdt', 'learning_rate': 0.9, 'max_depth': 12, 'metric': 'multi_logloss', 'num_class': 4, 'num_leaves': 40, 'objective': 'multiclass'}",0.2501156842337962,0.2194666666666667,0.6834714675155973,0.6834714675155973
99,"{'boosting_type': 'gbdt', 'learning_rate': 0.9, 'max_depth': 12, 'metric': 'multi_logloss', 'num_class': 4, 'num_leaves': 45, 'objective': 'multiclass'}",0.217872031913694,0.25279999999999997,0.6798885168718859,0.6798885168718859
100,"{'boosting_type': 'gbdt', 'learning_rate': 0.11, 'max_depth': 6, 'metric': 'multi_logloss', 'num_class': 4, 'num_leaves': 25, 'objective': 'multiclass'}",0.456346701556509,0.3163466666666667,0.908105701617969,0.908105701617969
101,"{'boosting_type': 'gbdt', 'learning_rate': 0.11, 'max_depth': 6, 'metric': 'multi_logloss', 'num_class': 4, 'num_leaves': 30, 'objective': 'multiclass'}",0.4557564893180695,0.31506666666666666,0.9083283019558337,0.9083283019558337
102,"{'boosting_type': 'gbdt', 'learning_rate': 0.11, 'max_depth': 6, 'metric': 'multi_logloss', 'num_class': 4, 'num_leaves': 35, 'objective': 'multiclass'}",0.45503144269498663,0.314,0.9084075842679499,0.9084075842679499
103,"{'boosting_type': 'gbdt', 'learning_rate': 0.11, 'max_depth': 6, 'metric': 'multi_logloss', 'num_class': 4, 'num_leaves': 40, 'objective': 'multiclass'}",0.4545011984111516,0.31312,0.9083801403906788,0.9083801403906788
104,"{'boosting_type': 'gbdt', 'learning_rate': 0.11, 'max_depth': 6, 'metric': 'multi_logloss', 'num_class': 4, 'num_leaves': 45, 'objective': 'multiclass'}",0.4565315502938816,0.31509333333333334,0.9085387050149111,0.9085387050149111
105,"{'boosting_type': 'gbdt', 'learning_rate': 0.11, 'max_depth': 8, 'metric': 'multi_logloss', 'num_class': 4, 'num_leaves': 25, 'objective': 'multiclass'}",0.458815892325805,0.31696,0.9087887492300467,0.9087887492300467
106,"{'boosting_type': 'gbdt', 'learning_rate': 0.11, 'max_depth': 8, 'metric': 'multi_logloss', 'num_class': 4, 'num_leaves': 30, 'objective': 'multiclass'}",0.4689424302607927,0.328,0.9094321556860665,0.9094321556860665
107,"{'boosting_type': 'gbdt', 'learning_rate': 0.11, 'max_depth': 8, 'metric': 'multi_logloss', 'num_class': 4, 'num_leaves': 35, 'objective': 'multiclass'}",0.4674977952621211,0.32525333333333334,0.9097706301724086,0.9097706301724086
108,"{'boosting_type': 'gbdt', 'learning_rate': 0.11, 'max_depth': 8, 'metric': 'multi_logloss', 'num_class': 4, 'num_leaves': 40, 'objective': 'multiclass'}",0.46960928103303295,0.3269333333333333,0.9099444413951248,0.9099444413951248
109,"{'boosting_type': 'gbdt', 'learning_rate': 0.11, 'max_depth': 8, 'metric': 'multi_logloss', 'num_class': 4, 'num_leaves': 45, 'objective': 'multiclass'}",0.47258250644467575,0.3298933333333333,0.9100237237072409,0.9100237237072409
110,"{'boosting_type': 'gbdt', 'learning_rate': 0.11, 'max_depth': 10, 'metric': 'multi_logloss', 'num_class': 4, 'num_leaves': 25, 'objective': 'multiclass'}",0.45814745475874946,0.31562666666666667,0.9089961029694275,0.9089961029694275
111,"{'boosting_type': 'gbdt', 'learning_rate': 0.11, 'max_depth': 10, 'metric': 'multi_logloss', 'num_class': 4, 'num_leaves': 30, 'objective': 'multiclass'}",0.4709279378579215,0.3292,0.909752334254228,0.909752334254228
112,"{'boosting_type': 'gbdt', 'learning_rate': 0.11, 'max_depth': 10, 'metric': 'multi_logloss', 'num_class': 4, 'num_leaves': 35, 'objective': 'multiclass'}",0.4721505394481104,0.33,0.9101548444542024,0.9101548444542024
113,"{'boosting_type': 'gbdt', 'learning_rate': 0.11, 'max_depth': 10, 'metric': 'multi_logloss', 'num_class': 4, 'num_leaves': 40, 'objective': 'multiclass'}",0.48008790004461627,0.33949333333333337,0.910417085948125,0.910417085948125
114,"{'boosting_type': 'gbdt', 'learning_rate': 0.11, 'max_depth': 10, 'metric': 'multi_logloss', 'num_class': 4, 'num_leaves': 45, 'objective': 'multiclass'}",0.485474885838245,0.3447466666666667,0.9107220179178025,0.9107220179178025
115,"{'boosting_type': 'gbdt', 'learning_rate': 0.11, 'max_depth': 12, 'metric': 'multi_logloss', 'num_class': 4, 'num_leaves': 25, 'objective': 'multiclass'}",0.4686309249817094,0.3281066666666667,0.9092583444633502,0.9092583444633502
116,"{'boosting_type': 'gbdt', 'learning_rate': 0.11, 'max_depth': 12, 'metric': 'multi_logloss', 'num_class': 4, 'num_leaves': 30, 'objective': 'multiclass'}",0.4692267569425326,0.32626666666666665,0.9099596879936086,0.9099596879936086
117,"{'boosting_type': 'gbdt', 'learning_rate': 0.11, 'max_depth': 12, 'metric': 'multi_logloss', 'num_class': 4, 'num_leaves': 35, 'objective': 'multiclass'}",0.48126182981079485,0.3410933333333334,0.9103652475132797,0.9103652475132797
118,"{'boosting_type': 'gbdt', 'learning_rate': 0.11, 'max_depth': 12, 'metric': 'multi_logloss', 'num_class': 4, 'num_leaves': 40, 'objective': 'multiclass'}",0.48491530983267045,0.34376,0.9109019277799123,0.9109019277799123
119,"{'boosting_type': 'gbdt', 'learning_rate': 0.11, 'max_depth': 12, 'metric': 'multi_logloss', 'num_class': 4, 'num_leaves': 45, 'objective': 'multiclass'}",0.4932599937822674,0.35381333333333337,0.9113440791359447,0.9113440791359447
